<?xml version="1.0" encoding="UTF-8" ?>
<document>
<!--The data in this file is primarily intended for consumption by Xilinx tools.
The structure and the elements are likely to change over the next few releases.
This means code written to parse this file will need to be revisited each subsequent release.-->
<application name="pn" timeStamp="Thu May 21 23:23:25 2020">
<section name="Project Information" visible="false">
<property name="ProjectID" value="79FA60E116234C72AA87FB056057C8BD" type="project"/>
<property name="ProjectIteration" value="5" type="project"/>
<property name="ProjectFile" value="C:/Users/Admin/Desktop/FPGA_ISE_code/FPGA_design/smg_demo/smg_demo/smg_demo.xise" type="project"/>
<property name="ProjectCreationTimestamp" value="2020-05-21T22:38:03" type="project"/>
</section>
<section name="Project Statistics" visible="true">
<property name="PROP_Enable_Message_Filtering" value="false" type="design"/>
<property name="PROP_FitterReportFormat" value="HTML" type="process"/>
<property name="PROP_LastAppliedGoal" value="Balanced" type="design"/>
<property name="PROP_LastAppliedStrategy" value="Xilinx Default (unlocked)" type="design"/>
<property name="PROP_ManualCompileOrderImp" value="false" type="design"/>
<property name="PROP_PropSpecInProjFile" value="Store all values" type="design"/>
<property name="PROP_Simulator" value="ISim (VHDL/Verilog)" type="design"/>
<property name="PROP_SynthTopFile" value="changed" type="process"/>
<property name="PROP_Top_Level_Module_Type" value="HDL" type="design"/>
<property name="PROP_UseSmartGuide" value="false" type="design"/>
<property name="PROP_UserConstraintEditorPreference" value="Text Editor" type="process"/>
<property name="PROP_UserEditorCustomSetting" value=" {C:\\Users\\Admin\\Desktop\\cracked_version\\Sublime Text Build 3143 x64\\Sublime Text Build 3143 x64\\sublime_text.exe} -g $1:$2" type="process"/>
<property name="PROP_UserEditorPreference" value="Custom" type="process"/>
<property name="PROP_intProjectCreationTimestamp" value="2020-05-21T22:38:03" type="design"/>
<property name="PROP_intWbtProjectID" value="79FA60E116234C72AA87FB056057C8BD" type="design"/>
<property name="PROP_intWbtProjectIteration" value="5" type="process"/>
<property name="PROP_intWorkingDirLocWRTProjDir" value="Same" type="design"/>
<property name="PROP_intWorkingDirUsed" value="No" type="design"/>
<property name="PROP_lockPinsUcfFile" value="changed" type="process"/>
<property name="PROP_AutoTop" value="true" type="design"/>
<property name="PROP_DevFamily" value="Spartan6" type="design"/>
<property name="PROP_DevDevice" value="xc6slx9" type="design"/>
<property name="PROP_DevFamilyPMName" value="spartan6" type="design"/>
<property name="PROP_DevPackage" value="ftg256" type="design"/>
<property name="PROP_Synthesis_Tool" value="XST (VHDL/Verilog)" type="design"/>
<property name="PROP_DevSpeed" value="-2" type="design"/>
<property name="PROP_PreferredLanguage" value="Verilog" type="design"/>
<property name="FILE_UCF" value="1" type="source"/>
<property name="FILE_VERILOG" value="1" type="source"/>
</section>
</application>
</document>
